<!--ITER STARTUP XML 01.03.2012-->
<iter scopegroupid="Global">
	<list>
		<!--GLOBAL GROUP CONFIGURATION-->
		<pool>
			<item classname="com.liferay.portal.model.Group" globalid="Global" groupid="Global" operation="create" parentid="0">
				<param name="description"></param>
				<param name="name">Global</param>
				<param name="active">true</param>
				<param name="type">0</param>
				<param name="url">/null</param>
				<param name="ITERWEBCMS_PREVIEW_INSTRUMENTAL_ARTICLE" type="dependency">
					<param name="classname">&lt;![CDATA[com.liferay.portlet.journal.model.JournalStructure]]&gt;</param>
					<param name="groupname">&lt;![CDATA[Global]]&gt;</param>
				</param>
				<param name="ITERWEBCMS_PREVIEW_INSTRUMENTAL_TEMPLATE" type="dependency">
					<param name="classname">&lt;![CDATA[com.liferay.portlet.journal.model.JournalTemplate]]&gt;</param>
					<param name="groupname">&lt;![CDATA[Global]]&gt;</param>
				</param>
				<param name="ITERWEBCMS_PREVIEW_STANDARD-ARTICLE" type="dependency">
					<param name="classname">com.liferay.portlet.journal.model.JournalStructure</param>
					<param name="groupname">Global</param>
				</param>
				<param name="ITERWEBCMS_PREVIEW_STANDARD-GALLERY" type="dependency">
					<param name="classname">com.liferay.portlet.journal.model.JournalStructure</param>
					<param name="groupname">Global</param>
				</param>
				<param name="ITERWEBCMS_PREVIEW_STANDARD-MULTIMEDIA" type="dependency">
					<param name="classname">com.liferay.portlet.journal.model.JournalStructure</param>
					<param name="groupname">Global</param>
				</param>
				<param name="ITERWEBCMS_PREVIEW_STANDARD-POLL" type="dependency">
					<param name="classname">com.liferay.portlet.journal.model.JournalStructure</param>
					<param name="groupname">Global</param>
				</param>
				<param name="ITERWEBCMS_PREVIEW_FULL-CONTENT-ACCESSIBLE" type="dependency">
					<param name="classname">com.liferay.portlet.journal.model.JournalTemplate</param>
					<param name="groupname">Global</param>
				</param>
				<param name="ITERWEBCMS_PREVIEW_FULL-CONTENT-EDITABLE-THE-STAR" type="dependency">
					<param name="classname">com.liferay.portlet.journal.model.JournalTemplate</param>
					<param name="groupname">Global</param>
				</param>
				<param name="ITERWEBCMS_PREVIEW_FULL-CONTENT-GALLERY-1" type="dependency">
					<param name="classname">com.liferay.portlet.journal.model.JournalTemplate</param>
					<param name="groupname">Global</param>
				</param>
				<param name="ITERWEBCMS_PREVIEW_FULL-CONTENT-GALLERY-2" type="dependency">
					<param name="classname">com.liferay.portlet.journal.model.JournalTemplate</param>
					<param name="groupname">Global</param>
				</param>
				<param name="ITERWEBCMS_PREVIEW_FULL-CONTENT-GALLERY-3" type="dependency">
					<param name="classname">com.liferay.portlet.journal.model.JournalTemplate</param>
					<param name="groupname">Global</param>
				</param>
				<param name="ITERWEBCMS_PREVIEW_FULL-CONTENT-GALLERY-4" type="dependency">
					<param name="classname">com.liferay.portlet.journal.model.JournalTemplate</param>
					<param name="groupname">Global</param>
				</param>
				<param name="ITERWEBCMS_PREVIEW_FULL-CONTENT-MAIN-COMPLETE" type="dependency">
					<param name="classname">com.liferay.portlet.journal.model.JournalTemplate</param>
					<param name="groupname">Global</param>
				</param>
				<param name="ITERWEBCMS_PREVIEW_FULL-CONTENT-MAIN-MULTIMEDIA" type="dependency">
					<param name="classname">com.liferay.portlet.journal.model.JournalTemplate</param>
					<param name="groupname">Global</param>
				</param>
				<param name="ITERWEBCMS_PREVIEW_FULL-CONTENT-MAIN-SIMPLE" type="dependency">
					<param name="classname">com.liferay.portlet.journal.model.JournalTemplate</param>
					<param name="groupname">Global</param>
				</param>
				<param name="ITERWEBCMS_PREVIEW_FULL-CONTENT-MOBILE" type="dependency">
					<param name="classname">com.liferay.portlet.journal.model.JournalTemplate</param>
					<param name="groupname">Global</param>
				</param>
				<param name="ITERWEBCMS_PREVIEW_FULL-CONTENT-MULTIMEDIA" type="dependency">
					<param name="classname">com.liferay.portlet.journal.model.JournalTemplate</param>
					<param name="groupname">Global</param>
				</param>
				<param name="ITERWEBCMS_PREVIEW_FULL-CONTENT-POLL" type="dependency">
					<param name="classname">com.liferay.portlet.journal.model.JournalTemplate</param>
					<param name="groupname">Global</param>
				</param>
				<param name="ITERWEBCMS_PREVIEW_FULL-CONTENT-SIDE-IMAGES" type="dependency">
					<param name="classname">com.liferay.portlet.journal.model.JournalTemplate</param>
					<param name="groupname">Global</param>
				</param>
				<param name="ITERWEBCMS_PREVIEW_FULL-CONTENT-SIDE-LEADS" type="dependency">
					<param name="classname">com.liferay.portlet.journal.model.JournalTemplate</param>
					<param name="groupname">Global</param>
				</param>
				<param name="ITERWEBCMS_PREVIEW_TEASER-ACCESSIBLE" type="dependency">
					<param name="classname">com.liferay.portlet.journal.model.JournalTemplate</param>
					<param name="groupname">Global</param>
				</param>
				<param name="ITERWEBCMS_PREVIEW_TEASER-COMPLETE" type="dependency">
					<param name="classname">com.liferay.portlet.journal.model.JournalTemplate</param>
					<param name="groupname">Global</param>
				</param>
				<param name="ITERWEBCMS_PREVIEW_TEASER-GALLERY" type="dependency">
					<param name="classname">com.liferay.portlet.journal.model.JournalTemplate</param>
					<param name="groupname">Global</param>
				</param>
				<param name="ITERWEBCMS_PREVIEW_TEASER-LEFT-PHOTO" type="dependency">
					<param name="classname">com.liferay.portlet.journal.model.JournalTemplate</param>
					<param name="groupname">Global</param>
				</param>
				<param name="ITERWEBCMS_PREVIEW_TEASER-MOBILE" type="dependency">
					<param name="classname">com.liferay.portlet.journal.model.JournalTemplate</param>
					<param name="groupname">Global</param>
				</param>
				<param name="ITERWEBCMS_PREVIEW_TEASER-MULTIMEDIA" type="dependency">
					<param name="classname">com.liferay.portlet.journal.model.JournalTemplate</param>
					<param name="groupname">Global</param>
				</param>
				<param name="ITERWEBCMS_PREVIEW_TEASER-NEWSLETTER" type="dependency">
					<param name="classname">com.liferay.portlet.journal.model.JournalTemplate</param>
					<param name="groupname">Global</param>
				</param>
				<param name="ITERWEBCMS_PREVIEW_TEASER-PHOTO" type="dependency">
					<param name="classname">com.liferay.portlet.journal.model.JournalTemplate</param>
					<param name="groupname">Global</param>
				</param>
				<param name="ITERWEBCMS_PREVIEW_TEASER-POLL" type="dependency">
					<param name="classname">com.liferay.portlet.journal.model.JournalTemplate</param>
					<param name="groupname">Global</param>
				</param>
				<param name="ITERWEBCMS_PREVIEW_TEASER-RIGHT-PHOTO" type="dependency">
					<param name="classname">com.liferay.portlet.journal.model.JournalTemplate</param>
					<param name="groupname">Global</param>
				</param>
				<param name="ITERWEBCMS_PREVIEW_TEASER-SEARCH" type="dependency">
					<param name="classname">com.liferay.portlet.journal.model.JournalTemplate</param>
					<param name="groupname">Global</param>
				</param>
				<param name="ITERWEBCMS_PREVIEW_TEASER-SIMPLE" type="dependency">
					<param name="classname">com.liferay.portlet.journal.model.JournalTemplate</param>
					<param name="groupname">Global</param>
				</param>
				<param name="ITERWEBCMS_PREVIEW_TEASER-VIDEO" type="dependency">
					<param name="classname">com.liferay.portlet.journal.model.JournalTemplate</param>
					<param name="groupname">Global</param>
				</param>
			</item>
			<!--STANDARD STRUCTURES-->
			<item classname="com.liferay.portlet.journal.model.JournalStructure" globalid="ITERWEBCMS_PREVIEW_STANDARD-ARTICLE" groupid="Global" operation="create" parentid="">
				<param name="ident">STANDARD-ARTICLE</param>
				<param name="file">structures/10374.xml</param>
				<param name="description">Standard Article</param>
				<param name="name">Standard Article</param>
			</item>
			<item classname="com.liferay.portlet.journal.model.JournalStructure" globalid="ITERWEBCMS_PREVIEW_STANDARD-GALLERY" groupid="Global" operation="create" parentid="">
				<param name="ident">STANDARD-GALLERY</param>
				<param name="file">structures/10377.xml</param>
				<param name="description">Standard Gallery</param>
				<param name="name">Standard Gallery</param>
			</item>
			<item classname="com.liferay.portlet.journal.model.JournalStructure" globalid="ITERWEBCMS_PREVIEW_STANDARD-MULTIMEDIA" groupid="Global" operation="create" parentid="">
				<param name="ident">STANDARD-MULTIMEDIA</param>
				<param name="file">structures/10380.xml</param>
				<param name="description">Standard Multimedia</param>
				<param name="name">Standard Multimedia</param>
			</item>
			<item classname="com.liferay.portlet.journal.model.JournalStructure" globalid="ITERWEBCMS_PREVIEW_STANDARD-POLL" groupid="Global" operation="create" parentid="STANDARD-ARTICLE">
				<param name="ident">STANDARD-POLL</param>
				<param name="file">structures/10383.xml</param>
				<param name="description">Standard Poll</param>
				<param name="name">Standard Poll</param>
			</item>
			<item classname="com.liferay.portlet.journal.model.JournalStructure" globalid="ITERWEBCMS_PREVIEW_INSTRUMENTAL_ARTICLE" groupid="Global" operation="create" parentid="">
				<param name="ident">&lt;![CDATA[INSTRUMENTAL_ARTICLE]]&gt;</param>
				<param name="file">&lt;![CDATA[structures/107188.xml]]&gt;</param>
				<param name="description">&lt;![CDATA[INSTRUMENTAL_ARTICLE]]&gt;</param>
				<param name="name">&lt;![CDATA[INSTRUMENTAL_ARTICLE]]&gt;</param>
			</item>
			<!--PRE-INSTALLED TEMPLATES -->
			<item classname="com.liferay.portlet.journal.model.JournalTemplate" globalid="ITERWEBCMS_PREVIEW_INSTRUMENTAL_TEMPLATE" groupid="Global" operation="create">
				<param name="langtype">&lt;![CDATA[vm]]&gt;</param>
				<param name="structure">&lt;![CDATA[INSTRUMENTAL_ARTICLE]]&gt;</param>
				<param name="ident">&lt;![CDATA[INSTRUMENTAL_TEMPLATE]]&gt;</param>
				<param name="file">&lt;![CDATA[templates/107216.vm]]&gt;</param>
				<param name="description">&lt;![CDATA[INSTRUMENTAL_TEMPLATE]]&gt;</param>
				<param name="name">&lt;![CDATA[INSTRUMENTAL_TEMPLATE]]&gt;</param>
				<param name="small-image-url">&lt;![CDATA[]]&gt;</param>
				<param name="small-image">&lt;![CDATA[false]]&gt;</param>
				<param name="small-image-file">&lt;![CDATA[]]&gt;</param>
				<param name="cacheable">&lt;![CDATA[true]]&gt;</param>
			</item>
			<item classname="com.liferay.portlet.journal.model.JournalTemplate" globalid="ITERWEBCMS_PREVIEW_FULL-CONTENT-ACCESSIBLE" groupid="Global" operation="create">
				<param name="langtype">vm</param>
				<param name="structure">STANDARD-ARTICLE</param>
				<param name="ident">FULL-CONTENT-ACCESSIBLE</param>
				<param name="file">templates/10386.vm</param>
				<param name="description">FULL-CONTENT-ACCESSIBLE</param>
				<param name="name">full content accessible</param>
				<param name="small-image-url"></param>
				<param name="small-image">false</param>
				<param name="small-image-file"></param>
				<param name="cacheable">true</param>
			</item>
			<item classname="com.liferay.portlet.journal.model.JournalTemplate" globalid="ITERWEBCMS_PREVIEW_FULL-CONTENT-EDITABLE-THE-STAR" groupid="Global" operation="create">
				<param name="langtype">vm</param>
				<param name="structure">STANDARD-ARTICLE</param>
				<param name="ident">FULL-CONTENT-EDITABLE-THE-STAR</param>
				<param name="file">templates/10390.vm</param>
				<param name="description">FULL-CONTENT-EDITABLE-the-star</param>
				<param name="name">Full Content Editable The Star</param>
				<param name="small-image-url"></param>
				<param name="small-image">false</param>
				<param name="small-image-file"></param>
				<param name="cacheable">true</param>
			</item>
			<item classname="com.liferay.portlet.journal.model.JournalTemplate" globalid="ITERWEBCMS_PREVIEW_FULL-CONTENT-GALLERY-1" groupid="Global" operation="create">
				<param name="langtype">vm</param>
				<param name="structure">STANDARD-GALLERY</param>
				<param name="ident">FULL-CONTENT-GALLERY-1</param>
				<param name="file">templates/10394.vm</param>
				<param name="description">Headline + Date + Lead // From each image: Imgage + Headline + Cutline // Style 1</param>
				<param name="name">Full Content Gallery 1</param>
				<param name="small-image-url"></param>
				<param name="small-image">false</param>
				<param name="small-image-file"></param>
				<param name="cacheable">true</param>
			</item>
			<item classname="com.liferay.portlet.journal.model.JournalTemplate" globalid="ITERWEBCMS_PREVIEW_FULL-CONTENT-GALLERY-2" groupid="Global" operation="create">
				<param name="langtype">vm</param>
				<param name="structure">STANDARD-GALLERY</param>
				<param name="ident">FULL-CONTENT-GALLERY-2</param>
				<param name="file">templates/10398.vm</param>
				<param name="description">Headline + Date + Lead // From each image: Imgage + Headline + Cutline // Style 2</param>
				<param name="name">Full Content Gallery 2</param>
				<param name="small-image-url"></param>
				<param name="small-image">false</param>
				<param name="small-image-file"></param>
				<param name="cacheable">true</param>
			</item>
			<item classname="com.liferay.portlet.journal.model.JournalTemplate" globalid="ITERWEBCMS_PREVIEW_FULL-CONTENT-GALLERY-3" groupid="Global" operation="create">
				<param name="langtype">vm</param>
				<param name="structure">STANDARD-GALLERY</param>
				<param name="ident">FULL-CONTENT-GALLERY-3</param>
				<param name="file">templates/10402.vm</param>
				<param name="description">Headline + Date + Lead // From each image: Imgage + Headline + Cutline // Style 3</param>
				<param name="name">Full Content Gallery 3</param>
				<param name="small-image-url"></param>
				<param name="small-image">false</param>
				<param name="small-image-file"></param>
				<param name="cacheable">true</param>
			</item>
			<item classname="com.liferay.portlet.journal.model.JournalTemplate" globalid="ITERWEBCMS_PREVIEW_FULL-CONTENT-GALLERY-4" groupid="Global" operation="create">
				<param name="langtype">vm</param>
				<param name="structure">STANDARD-GALLERY</param>
				<param name="ident">FULL-CONTENT-GALLERY-4</param>
				<param name="file">templates/10406.vm</param>
				<param name="description">Headline + Date + Lead // From each image: Imgage + Headline + Cutline // Style 4</param>
				<param name="name">Full Content Gallery 4</param>
				<param name="small-image-url"></param>
				<param name="small-image">false</param>
				<param name="small-image-file"></param>
				<param name="cacheable">true</param>
			</item>
			<item classname="com.liferay.portlet.journal.model.JournalTemplate" globalid="ITERWEBCMS_PREVIEW_FULL-CONTENT-MAIN-COMPLETE" groupid="Global" operation="create">
				<param name="langtype">vm</param>
				<param name="structure">STANDARD-ARTICLE</param>
				<param name="ident">FULL-CONTENT-MAIN-COMPLETE</param>
				<param name="file">templates/10410.vm</param>
				<param name="description">A Complete Content of an Article (don't show the list of images and leads)</param>
				<param name="name">Full Content Main Complete</param>
				<param name="small-image-url"></param>
				<param name="small-image">false</param>
				<param name="small-image-file"></param>
				<param name="cacheable">true</param>
			</item>
			<item classname="com.liferay.portlet.journal.model.JournalTemplate" globalid="ITERWEBCMS_PREVIEW_FULL-CONTENT-MAIN-MULTIMEDIA" groupid="Global" operation="create">
				<param name="langtype">vm</param>
				<param name="structure">STANDARD-ARTICLE</param>
				<param name="ident">FULL-CONTENT-MAIN-MULTIMEDIA</param>
				<param name="file">templates/10414.vm</param>
				<param name="description">FULL-CONTENT-MAIN-MULTIMEDIA</param>
				<param name="name">full content main multimedia</param>
				<param name="small-image-url"></param>
				<param name="small-image">false</param>
				<param name="small-image-file"></param>
				<param name="cacheable">true</param>
			</item>
			<item classname="com.liferay.portlet.journal.model.JournalTemplate" globalid="ITERWEBCMS_PREVIEW_FULL-CONTENT-MAIN-SIMPLE" groupid="Global" operation="create">
				<param name="langtype">vm</param>
				<param name="structure">STANDARD-ARTICLE</param>
				<param name="ident">FULL-CONTENT-MAIN-SIMPLE</param>
				<param name="file">templates/10418.vm</param>
				<param name="description">Headline + Image/Video + Text</param>
				<param name="name">Full Content Main Simple</param>
				<param name="small-image-url"></param>
				<param name="small-image">false</param>
				<param name="small-image-file"></param>
				<param name="cacheable">true</param>
			</item>
			<item classname="com.liferay.portlet.journal.model.JournalTemplate" globalid="ITERWEBCMS_PREVIEW_FULL-CONTENT-MOBILE" groupid="Global" operation="create">
				<param name="langtype">vm</param>
				<param name="structure">STANDARD-ARTICLE</param>
				<param name="ident">FULL-CONTENT-MOBILE</param>
				<param name="file">templates/10422.vm</param>
				<param name="description">FULL-CONTENT-MOBILE</param>
				<param name="name">full content mobile</param>
				<param name="small-image-url"></param>
				<param name="small-image">false</param>
				<param name="small-image-file"></param>
				<param name="cacheable">true</param>
			</item>
			<item classname="com.liferay.portlet.journal.model.JournalTemplate" globalid="ITERWEBCMS_PREVIEW_FULL-CONTENT-MULTIMEDIA" groupid="Global" operation="create">
				<param name="langtype">vm</param>
				<param name="structure">STANDARD-MULTIMEDIA</param>
				<param name="ident">FULL-CONTENT-MULTIMEDIA</param>
				<param name="file">templates/10426.vm</param>
				<param name="description">Headline + Date + Lead + Video Thumbnails // From each video: Video + Headline + Cutline</param>
				<param name="name">Full Content Multimedia</param>
				<param name="small-image-url"></param>
				<param name="small-image">false</param>
				<param name="small-image-file"></param>
				<param name="cacheable">true</param>
			</item>
			<item classname="com.liferay.portlet.journal.model.JournalTemplate" globalid="ITERWEBCMS_PREVIEW_FULL-CONTENT-POLL" groupid="Global" operation="create">
				<param name="langtype">vm</param>
				<param name="structure">STANDARD-POLL</param>
				<param name="ident">FULL-CONTENT-POLL</param>
				<param name="file">templates/10430.vm</param>
				<param name="description">Poll Image + Question + Lead + Number of Votes + Possible Answers + Results + Vote Button</param>
				<param name="name">Full Content Poll</param>
				<param name="small-image-url"></param>
				<param name="small-image">false</param>
				<param name="small-image-file"></param>
				<param name="cacheable">true</param>
			</item>
			<item classname="com.liferay.portlet.journal.model.JournalTemplate" globalid="ITERWEBCMS_PREVIEW_FULL-CONTENT-SIDE-IMAGES" groupid="Global" operation="create">
				<param name="langtype">vm</param>
				<param name="structure">STANDARD-ARTICLE</param>
				<param name="ident">FULL-CONTENT-SIDE-IMAGES</param>
				<param name="file">templates/10434.vm</param>
				<param name="description">List of Images</param>
				<param name="name">Full Content Side Images</param>
				<param name="small-image-url"></param>
				<param name="small-image">false</param>
				<param name="small-image-file"></param>
				<param name="cacheable">true</param>
			</item>
			<item classname="com.liferay.portlet.journal.model.JournalTemplate" globalid="ITERWEBCMS_PREVIEW_FULL-CONTENT-SIDE-LEADS" groupid="Global" operation="create">
				<param name="langtype">vm</param>
				<param name="structure">STANDARD-ARTICLE</param>
				<param name="ident">FULL-CONTENT-SIDE-LEADS</param>
				<param name="file">templates/10438.vm</param>
				<param name="description">List of Leads</param>
				<param name="name">Full Content Side Leads</param>
				<param name="small-image-url"></param>
				<param name="small-image">false</param>
				<param name="small-image-file"></param>
				<param name="cacheable">true</param>
			</item>
			<item classname="com.liferay.portlet.journal.model.JournalTemplate" globalid="ITERWEBCMS_PREVIEW_TEASER-ACCESSIBLE" groupid="Global" operation="create">
				<param name="langtype">vm</param>
				<param name="structure">STANDARD-ARTICLE</param>
				<param name="ident">TEASER-ACCESSIBLE</param>
				<param name="file">templates/10442.vm</param>
				<param name="description">TEASER-ACCESSIBLE</param>
				<param name="name">teaser accessible</param>
				<param name="small-image-url"></param>
				<param name="small-image">false</param>
				<param name="small-image-file"></param>
				<param name="cacheable">true</param>
			</item>
			<item classname="com.liferay.portlet.journal.model.JournalTemplate" globalid="ITERWEBCMS_PREVIEW_TEASER-COMPLETE" groupid="Global" operation="create">
				<param name="langtype">vm</param>
				<param name="structure">STANDARD-ARTICLE</param>
				<param name="ident">TEASER-COMPLETE</param>
				<param name="file">templates/10446.vm</param>
				<param name="description">Headline + Text</param>
				<param name="name">Teaser Complete</param>
				<param name="small-image-url"></param>
				<param name="small-image">true</param>
				<param name="small-image-file"></param>
				<param name="cacheable">true</param>
			</item>
			<item classname="com.liferay.portlet.journal.model.JournalTemplate" globalid="ITERWEBCMS_PREVIEW_TEASER-GALLERY" groupid="Global" operation="create">
				<param name="langtype">vm</param>
				<param name="structure">STANDARD-GALLERY</param>
				<param name="ident">TEASER-GALLERY</param>
				<param name="file">templates/10450.vm</param>
				<param name="description">First Image + Headline + Date + Lead</param>
				<param name="name">Teaser Gallery</param>
				<param name="small-image-url"></param>
				<param name="small-image">true</param>
				<param name="small-image-file"></param>
				<param name="cacheable">true</param>
			</item>
			<item classname="com.liferay.portlet.journal.model.JournalTemplate" globalid="ITERWEBCMS_PREVIEW_TEASER-LEFT-PHOTO" groupid="Global" operation="create">
				<param name="langtype">vm</param>
				<param name="structure">STANDARD-ARTICLE</param>
				<param name="ident">TEASER-LEFT-PHOTO</param>
				<param name="file">templates/10454.vm</param>
				<param name="description">Headline + Small Left Image + Text</param>
				<param name="name">Teaser Left Photo</param>
				<param name="small-image-url"></param>
				<param name="small-image">true</param>
				<param name="small-image-file"></param>
				<param name="cacheable">true</param>
			</item>
			<item classname="com.liferay.portlet.journal.model.JournalTemplate" globalid="ITERWEBCMS_PREVIEW_TEASER-MOBILE" groupid="Global" operation="create">
				<param name="langtype">vm</param>
				<param name="structure">STANDARD-ARTICLE</param>
				<param name="ident">TEASER-MOBILE</param>
				<param name="file">templates/10458.vm</param>
				<param name="description">TEASER-MOBILE</param>
				<param name="name">teaser mobile</param>
				<param name="small-image-url"></param>
				<param name="small-image">false</param>
				<param name="small-image-file"></param>
				<param name="cacheable">true</param>
			</item>
			<item classname="com.liferay.portlet.journal.model.JournalTemplate" globalid="ITERWEBCMS_PREVIEW_TEASER-MULTIMEDIA" groupid="Global" operation="create">
				<param name="langtype">vm</param>
				<param name="structure">STANDARD-MULTIMEDIA</param>
				<param name="ident">TEASER-MULTIMEDIA</param>
				<param name="file">templates/10462.vm</param>
				<param name="description">Headline + Date + Lead + First Video</param>
				<param name="name">Teaser Multimedia</param>
				<param name="small-image-url"></param>
				<param name="small-image">true</param>
				<param name="small-image-file"></param>
				<param name="cacheable">true</param>
			</item>
			<item classname="com.liferay.portlet.journal.model.JournalTemplate" globalid="ITERWEBCMS_PREVIEW_TEASER-NEWSLETTER" groupid="Global" operation="create">
				<param name="langtype">vm</param>
				<param name="structure">STANDARD-ARTICLE</param>
				<param name="ident">TEASER-NEWSLETTER</param>
				<param name="file">templates/10466.vm</param>
				<param name="description">Headline + Small Left Image + Text</param>
				<param name="name">Teaser Newsletter</param>
				<param name="small-image-url"></param>
				<param name="small-image">true</param>
				<param name="small-image-file"></param>
				<param name="cacheable">true</param>
			</item>
			<item classname="com.liferay.portlet.journal.model.JournalTemplate" globalid="ITERWEBCMS_PREVIEW_TEASER-PHOTO" groupid="Global" operation="create">
				<param name="langtype">vm</param>
				<param name="structure">STANDARD-ARTICLE</param>
				<param name="ident">TEASER-PHOTO</param>
				<param name="file">templates/10470.vm</param>
				<param name="description">TopHeadline + Headline + Image + Cutline</param>
				<param name="name">Teaser Photo</param>
				<param name="small-image-url"></param>
				<param name="small-image">true</param>
				<param name="small-image-file"></param>
				<param name="cacheable">true</param>
			</item>
			<item classname="com.liferay.portlet.journal.model.JournalTemplate" globalid="ITERWEBCMS_PREVIEW_TEASER-POLL" groupid="Global" operation="create">
				<param name="langtype">vm</param>
				<param name="structure">STANDARD-POLL</param>
				<param name="ident">TEASER-POLL</param>
				<param name="file">templates/10474.vm</param>
				<param name="description">Image + Question + Lead + Possible Answers + Vote Button</param>
				<param name="name">Teaser Poll</param>
				<param name="small-image-url"></param>
				<param name="small-image">true</param>
				<param name="small-image-file"></param>
				<param name="cacheable">true</param>
			</item>
			<item classname="com.liferay.portlet.journal.model.JournalTemplate" globalid="ITERWEBCMS_PREVIEW_TEASER-RIGHT-PHOTO" groupid="Global" operation="create">
				<param name="langtype">vm</param>
				<param name="structure">STANDARD-ARTICLE</param>
				<param name="ident">TEASER-RIGHT-PHOTO</param>
				<param name="file">templates/10478.vm</param>
				<param name="description">Headline + Small Right Image + Text</param>
				<param name="name">Teaser Right Photo</param>
				<param name="small-image-url"></param>
				<param name="small-image">true</param>
				<param name="small-image-file"></param>
				<param name="cacheable">true</param>
			</item>
			<item classname="com.liferay.portlet.journal.model.JournalTemplate" globalid="ITERWEBCMS_PREVIEW_TEASER-SEARCH" groupid="Global" operation="create">
				<param name="langtype">vm</param>
				<param name="structure">STANDARD-ARTICLE</param>
				<param name="ident">TEASER-SEARCH</param>
				<param name="file">templates/10482.vm</param>
				<param name="description">Teaser Search</param>
				<param name="name">Teaser Search</param>
				<param name="small-image-url"></param>
				<param name="small-image">true</param>
				<param name="small-image-file"></param>
				<param name="cacheable">true</param>
			</item>
			<item classname="com.liferay.portlet.journal.model.JournalTemplate" globalid="ITERWEBCMS_PREVIEW_TEASER-SIMPLE" groupid="Global" operation="create">
				<param name="langtype">vm</param>
				<param name="structure">STANDARD-ARTICLE</param>
				<param name="ident">TEASER-SIMPLE</param>
				<param name="file">templates/10486.vm</param>
				<param name="description">Headline + Text</param>
				<param name="name">Teaser Simple</param>
				<param name="small-image-url"></param>
				<param name="small-image">true</param>
				<param name="small-image-file"></param>
				<param name="cacheable">true</param>
			</item>
			<item classname="com.liferay.portlet.journal.model.JournalTemplate" globalid="ITERWEBCMS_PREVIEW_TEASER-VIDEO" groupid="Global" operation="create">
				<param name="langtype">vm</param>
				<param name="structure">STANDARD-ARTICLE</param>
				<param name="ident">TEASER-VIDEO</param>
				<param name="file">templates/10490.vm</param>
				<param name="description">TopHeadline + Headline + Video</param>
				<param name="name">Teaser Video</param>
				<param name="small-image-url"></param>
				<param name="small-image">true</param>
				<param name="small-image-file"></param>
				<param name="cacheable">true</param>
			</item>
		</pool>
	</list>
	<list>
		<!--EXAMPLE WEB CONTENTS-->
		<pool>
			<item classname="com.liferay.portlet.journal.model.JournalArticle" globalid="ITERWEBCMS_PREVIEW_EXAMPLE-ARTICLE" groupid="Global" operation="create">
				<param name="template">FULL-CONTENT-MAIN-COMPLETE</param>
				<param name="structure">STANDARD-ARTICLE</param>
				<param name="articleid">EXAMPLE-ARTICLE</param>
				<param name="indexable">false</param>
				<param name="expirationdate"></param>
				<param name="reviewdate">2012/01/23 18:39:00</param>
				<param name="type">general</param>
				<param name="url-title">example-article</param>
				<param name="displaydate">2012/01/23 18:39:00</param>
				<param name="version">1.0</param>
				<param name="title">Example Article</param>
				<param name="file">/contents/example-article.xml</param>
				<param name="description"></param>
				<param name="small-image-url"></param>
				<param name="small-image">false</param>
				<param name="small-image-file"></param>
				<param name="ITERWEBCMS_PREVIEW_10554" type="dependency">
					<param name="classname">com.liferay.portlet.asset.model.AssetEntry</param>
					<param name="groupname">Global</param>
				</param>
				<param name="ITERWEBCMS_PREVIEW_10425" type="dependency">
					<param name="classname">com.liferay.portlet.documentlibrary.model.DLFileEntry</param>
					<param name="groupname">Global</param>
				</param>
				<param name="ITERWEBCMS_PREVIEW_10433" type="dependency">
					<param name="classname">com.liferay.portlet.documentlibrary.model.DLFileEntry</param>
					<param name="groupname">Global</param>
				</param>
				<param name="ITERWEBCMS_PREVIEW_10441" type="dependency">
					<param name="classname">com.liferay.portlet.documentlibrary.model.DLFileEntry</param>
					<param name="groupname">Global</param>
				</param>
				<param name="ITERWEBCMS_PREVIEW_10449" type="dependency">
					<param name="classname">com.liferay.portlet.documentlibrary.model.DLFileEntry</param>
					<param name="groupname">Global</param>
				</param>
			</item>
			<item classname="com.liferay.portlet.asset.model.AssetEntry" globalid="ITERWEBCMS_PREVIEW_10554" groupid="Global" operation="create">
				<param name="elemglobalid">ITERWEBCMS_PREVIEW_EXAMPLE-ARTICLE</param>
				<param name="elemclassname">com.liferay.portlet.journal.model.JournalArticle</param>
				<param name="elemgroupname">Global</param>
			</item>
			<item classname="com.liferay.portlet.documentlibrary.model.DLFileEntry" globalid="ITERWEBCMS_PREVIEW_10425" groupid="Global" operation="create">
				<param name="folder">0</param>
				<param name="extension">jpg</param>
				<param name="extrasettings"></param>
				<param name="title">gallery1.jpg</param>
				<param name="description"></param>
				<param name="name">1</param>
				<param name="fileurl">/documents/Global/0/10497.jpg</param>
			</item>
			<item classname="com.liferay.portlet.documentlibrary.model.DLFileEntry" globalid="ITERWEBCMS_PREVIEW_10433" groupid="Global" operation="create">
				<param name="folder">0</param>
				<param name="extension">jpg</param>
				<param name="extrasettings"></param>
				<param name="title">gallery2.jpg</param>
				<param name="description"></param>
				<param name="name">2</param>
				<param name="fileurl">/documents/Global/0/10505.jpg</param>
			</item>
			<item classname="com.liferay.portlet.documentlibrary.model.DLFileEntry" globalid="ITERWEBCMS_PREVIEW_10441" groupid="Global" operation="create">
				<param name="folder">0</param>
				<param name="extension">jpg</param>
				<param name="extrasettings"></param>
				<param name="title">gallery3.jpg</param>
				<param name="description"></param>
				<param name="name">3</param>
				<param name="fileurl">/documents/Global/0/10513.jpg</param>
			</item>
			<item classname="com.liferay.portlet.documentlibrary.model.DLFileEntry" globalid="ITERWEBCMS_PREVIEW_10449" groupid="Global" operation="create">
				<param name="folder">0</param>
				<param name="extension">jpg</param>
				<param name="extrasettings"></param>
				<param name="title">gallery4.jpg</param>
				<param name="description"></param>
				<param name="name">4</param>
				<param name="fileurl">/documents/Global/0/10521.jpg</param>
			</item>
		</pool>
		<pool>
			<item classname="com.liferay.portlet.journal.model.JournalArticle" globalid="ITERWEBCMS_PREVIEW_EXAMPLE-GALLERY" groupid="Global" operation="create">
				<param name="template">FULL-CONTENT-GALLERY-1</param>
				<param name="structure">STANDARD-GALLERY</param>
				<param name="articleid">EXAMPLE-GALLERY</param>
				<param name="indexable">false</param>
				<param name="expirationdate"></param>
				<param name="reviewdate">2012/01/23 18:39:00</param>
				<param name="type">general</param>
				<param name="url-title">example-gallery</param>
				<param name="displaydate">2012/01/23 18:39:00</param>
				<param name="version">1.0</param>
				<param name="title">Example Gallery</param>
				<param name="file">/contents/example-gallery.xml</param>
				<param name="description"></param>
				<param name="small-image-url"></param>
				<param name="small-image">false</param>
				<param name="small-image-file"></param>
				<param name="ITERWEBCMS_PREVIEW_10571" type="dependency">
					<param name="classname">com.liferay.portlet.asset.model.AssetEntry</param>
					<param name="groupname">Global</param>
				</param>
				<param name="ITERWEBCMS_PREVIEW_10425" type="dependency">
					<param name="classname">com.liferay.portlet.documentlibrary.model.DLFileEntry</param>
					<param name="groupname">Global</param>
				</param>
				<param name="ITERWEBCMS_PREVIEW_10433" type="dependency">
					<param name="classname">com.liferay.portlet.documentlibrary.model.DLFileEntry</param>
					<param name="groupname">Global</param>
				</param>
				<param name="ITERWEBCMS_PREVIEW_10441" type="dependency">
					<param name="classname">com.liferay.portlet.documentlibrary.model.DLFileEntry</param>
					<param name="groupname">Global</param>
				</param>
				<param name="ITERWEBCMS_PREVIEW_10449" type="dependency">
					<param name="classname">com.liferay.portlet.documentlibrary.model.DLFileEntry</param>
					<param name="groupname">Global</param>
				</param>
			</item>
			<item classname="com.liferay.portlet.asset.model.AssetEntry" globalid="ITERWEBCMS_PREVIEW_10571" groupid="Global" operation="create">
				<param name="elemglobalid">ITERWEBCMS_PREVIEW_EXAMPLE-GALLERY</param>
				<param name="elemclassname">com.liferay.portlet.journal.model.JournalArticle</param>
				<param name="elemgroupname">Global</param>
			</item>
			<item classname="com.liferay.portlet.documentlibrary.model.DLFileEntry" globalid="ITERWEBCMS_PREVIEW_10425" groupid="Global" operation="create">
				<param name="folder">0</param>
				<param name="extension">jpg</param>
				<param name="extrasettings"></param>
				<param name="title">gallery1.jpg</param>
				<param name="description"></param>
				<param name="name">1</param>
				<param name="fileurl">/documents/Global/0/10497.jpg</param>
			</item>
			<item classname="com.liferay.portlet.documentlibrary.model.DLFileEntry" globalid="ITERWEBCMS_PREVIEW_10433" groupid="Global" operation="create">
				<param name="folder">0</param>
				<param name="extension">jpg</param>
				<param name="extrasettings"></param>
				<param name="title">gallery2.jpg</param>
				<param name="description"></param>
				<param name="name">2</param>
				<param name="fileurl">/documents/Global/0/10505.jpg</param>
			</item>
			<item classname="com.liferay.portlet.documentlibrary.model.DLFileEntry" globalid="ITERWEBCMS_PREVIEW_10441" groupid="Global" operation="create">
				<param name="folder">0</param>
				<param name="extension">jpg</param>
				<param name="extrasettings"></param>
				<param name="title">gallery3.jpg</param>
				<param name="description"></param>
				<param name="name">3</param>
				<param name="fileurl">/documents/Global/0/10513.jpg</param>
			</item>
			<item classname="com.liferay.portlet.documentlibrary.model.DLFileEntry" globalid="ITERWEBCMS_PREVIEW_10449" groupid="Global" operation="create">
				<param name="folder">0</param>
				<param name="extension">jpg</param>
				<param name="extrasettings"></param>
				<param name="title">gallery4.jpg</param>
				<param name="description"></param>
				<param name="name">4</param>
				<param name="fileurl">/documents/Global/0/10521.jpg</param>
			</item>
		</pool>
		<pool>
			<item classname="com.liferay.portlet.journal.model.JournalArticle" globalid="ITERWEBCMS_PREVIEW_EXAMPLE-MULTIMEDIA" groupid="Global" operation="create">
				<param name="template">FULL-CONTENT-MULTIMEDIA</param>
				<param name="structure">STANDARD-MULTIMEDIA</param>
				<param name="articleid">EXAMPLE-MULTIMEDIA</param>
				<param name="indexable">false</param>
				<param name="expirationdate"></param>
				<param name="reviewdate">2012/01/23 18:39:00</param>
				<param name="type">general</param>
				<param name="url-title">example-multimedia</param>
				<param name="displaydate">2012/01/23 18:39:00</param>
				<param name="version">1.0</param>
				<param name="title">Example Multimedia</param>
				<param name="file">/contents/example-multimedia.xml</param>
				<param name="description"></param>
				<param name="small-image-url"></param>
				<param name="small-image">false</param>
				<param name="small-image-file"></param>
				<param name="ITERWEBCMS_PREVIEW_10587" type="dependency">
					<param name="classname">com.liferay.portlet.asset.model.AssetEntry</param>
					<param name="groupname">Global</param>
				</param>
				<param name="ITERWEBCMS_PREVIEW_10457" type="dependency">
					<param name="classname">com.liferay.portlet.documentlibrary.model.DLFileEntry</param>
					<param name="groupname">Global</param>
				</param>
				<param name="ITERWEBCMS_PREVIEW_10465" type="dependency">
					<param name="classname">com.liferay.portlet.documentlibrary.model.DLFileEntry</param>
					<param name="groupname">Global</param>
				</param>
			</item>
			<item classname="com.liferay.portlet.asset.model.AssetEntry" globalid="ITERWEBCMS_PREVIEW_10587" groupid="Global" operation="create">
				<param name="elemglobalid">ITERWEBCMS_PREVIEW_EXAMPLE-MULTIMEDIA</param>
				<param name="elemclassname">com.liferay.portlet.journal.model.JournalArticle</param>
				<param name="elemgroupname">Global</param>
			</item>
			<item classname="com.liferay.portlet.documentlibrary.model.DLFileEntry" globalid="ITERWEBCMS_PREVIEW_10457" groupid="Global" operation="create">
				<param name="folder">0</param>
				<param name="extension">m4v</param>
				<param name="extrasettings"></param>
				<param name="title">video1.m4v</param>
				<param name="description"></param>
				<param name="name">5</param>
				<param name="fileurl">/documents/Global/0/10529.m4v</param>
			</item>
			<item classname="com.liferay.portlet.documentlibrary.model.DLFileEntry" globalid="ITERWEBCMS_PREVIEW_10465" groupid="Global" operation="create">
				<param name="folder">0</param>
				<param name="extension">jpg</param>
				<param name="extrasettings"></param>
				<param name="title">video1pre.jpg</param>
				<param name="description"></param>
				<param name="name">6</param>
				<param name="fileurl">/documents/Global/0/10537.jpg</param>
			</item>
		</pool>
		<pool>
			<item classname="com.liferay.portlet.journal.model.JournalArticle" globalid="ITERWEBCMS_PREVIEW_EXAMPLE-POLL" groupid="Global" operation="create">
				<param name="template">FULL-CONTENT-POLL</param>
				<param name="structure">STANDARD-POLL</param>
				<param name="articleid">EXAMPLE-POLL</param>
				<param name="indexable">false</param>
				<param name="expirationdate"></param>
				<param name="reviewdate">2012/01/23 18:39:00</param>
				<param name="type">general</param>
				<param name="url-title">example-poll</param>
				<param name="displaydate">2012/01/23 18:39:00</param>
				<param name="version">1.0</param>
				<param name="title">Example Poll</param>
				<param name="file">/contents/example-poll.xml</param>
				<param name="description"></param>
				<param name="small-image-url"></param>
				<param name="small-image">false</param>
				<param name="small-image-file"></param>
				<param name="ITERWEBCMS_PREVIEW_10612" type="dependency">
					<param name="classname">com.liferay.portlet.asset.model.AssetEntry</param>
					<param name="groupname">Global</param>
				</param>
			</item>
			<item classname="com.liferay.portlet.asset.model.AssetEntry" globalid="ITERWEBCMS_PREVIEW_10612" groupid="Global" operation="create">
				<param name="elemglobalid">ITERWEBCMS_PREVIEW_EXAMPLE-POLL</param>
				<param name="elemclassname">com.liferay.portlet.journal.model.JournalArticle</param>
				<param name="elemgroupname">Global</param>
			</item>
		</pool>
	</list>
</iter>