<?xml version="1.0" encoding="UTF-8"?>
<root>
	<dynamic-element instance-id="XShB6FB7" name="Name" type="text" index-type="text">
		<dynamic-content> <![CDATA[Example Gallery]]> </dynamic-content>
	</dynamic-element>
	<dynamic-element instance-id="AQu3q0hR" name="Headline" type="text" index-type="text">
		<dynamic-content> <![CDATA[Example Gallery]]> </dynamic-content>
	</dynamic-element>
	<dynamic-element instance-id="kuS4gE5i" name="Lead" type="text_box" index-type="text">
		<dynamic-content> <![CDATA[Lorem ipsum ad his scripta blandit partiendo, eum fastidii accumsan euripidis in, eum liber hendrerit an. Qui ut wisi vocibus suscipiantur, quo dicit ridens inciderint id. Quo mundi lobortis reformidans eu, legimus senserit definiebas an eos. Eu sit tincidunt incorrupte definitionem, vis mutat affert percipit cu, eirmod consectetuer signiferumque eu per. In usu latine equidem dolores. Quo no falli viris intellegam, ut fugit veritus placerat per.]]> </dynamic-content>
	</dynamic-element>
	<dynamic-element instance-id="2BgQFma0" name="Image" type="text" index-type="text">
		<dynamic-element instance-id="2BgQFma1" name="High" type="document_library" index-type="">
			<dynamic-content>/documents/Global/0/gallery1.jpg</dynamic-content>
		</dynamic-element>
		<dynamic-element instance-id="2BgQFma2" name="Medium" type="document_library" index-type="">
			<dynamic-content>/documents/Global/0/gallery1.jpg</dynamic-content>
		</dynamic-element>
		<dynamic-element instance-id="2BgQFma3" name="Low" type="document_library" index-type="">
			<dynamic-content>/documents/Global/0/gallery1.jpg</dynamic-content>
		</dynamic-element>
		<dynamic-content> <![CDATA[Gallery 1]]> </dynamic-content>
	</dynamic-element>
	<dynamic-element instance-id="3BgQFma0" name="Image" type="text" index-type="text">
		<dynamic-element instance-id="3BgQFma1" name="High" type="document_library" index-type="">
			<dynamic-content>/documents/Global/0/gallery2.jpg</dynamic-content>
		</dynamic-element>
		<dynamic-element instance-id="3BgQFma2" name="Medium" type="document_library" index-type="">
			<dynamic-content>/documents/Global/0/gallery2.jpg</dynamic-content>
		</dynamic-element>
		<dynamic-element instance-id="3BgQFma3" name="Low" type="document_library" index-type="">
			<dynamic-content>/documents/Global/0/gallery2.jpg</dynamic-content>
		</dynamic-element>
		<dynamic-content> <![CDATA[Gallery 2]]> </dynamic-content>
	</dynamic-element>
	<dynamic-element instance-id="4BgQFma0" name="Image" type="text" index-type="text">
		<dynamic-element instance-id="4BgQFma1" name="High" type="document_library" index-type="">
			<dynamic-content>/documents/Global/0/gallery3.jpg</dynamic-content>
		</dynamic-element>
		<dynamic-element instance-id="4BgQFma2" name="Medium" type="document_library" index-type="">
			<dynamic-content>/documents/Global/0/gallery3.jpg</dynamic-content>
		</dynamic-element>
		<dynamic-element instance-id="4BgQFma3" name="Low" type="document_library" index-type="">
			<dynamic-content>/documents/Global/0/gallery3.jpg</dynamic-content>
		</dynamic-element>
		<dynamic-content> <![CDATA[Gallery 3]]> </dynamic-content>
	</dynamic-element>
	<dynamic-element instance-id="5BgQFma0" name="Image" type="text" index-type="text">
		<dynamic-element instance-id="5BgQFma1" name="High" type="document_library" index-type="">
			<dynamic-content>/documents/Global/0/gallery4.jpg</dynamic-content>
		</dynamic-element>
		<dynamic-element instance-id="5BgQFma2" name="Medium" type="document_library" index-type="">
			<dynamic-content>/documents/Global/0/gallery4.jpg</dynamic-content>
		</dynamic-element>
		<dynamic-element instance-id="5BgQFma3" name="Low" type="document_library" index-type="">
			<dynamic-content>/documents/Global/0/gallery4.jpg</dynamic-content>
		</dynamic-element>
		<dynamic-content> <![CDATA[Gallery 4]]> </dynamic-content>
	</dynamic-element>
</root>