<?xml version="1.0" encoding="UTF-8"?>
<root>
	<dynamic-element instance-id="WzF7ohUp" name="Headline" type="text" index-type="text">
		<dynamic-content> <![CDATA[Lorem ipsum]]> </dynamic-content>
	</dynamic-element>
	<dynamic-element instance-id="E5o4PUFW" name="Subheadline" type="text" index-type="text">
		<dynamic-content> <![CDATA[Lorem ipsum]]> </dynamic-content>
	</dynamic-element>
	<dynamic-element instance-id="1gAqAd0K" name="Topheadline" type="text" index-type="text">
		<dynamic-content> <![CDATA[Lorem ipsum]]> </dynamic-content>
	</dynamic-element>
	<dynamic-element instance-id="3UenS35G" name="Text" type="text_area" index-type="text">
		<dynamic-content> <![CDATA[<p>
	Lorem ipsum ad his scripta blandit partiendo, eum fastidii accumsan euripidis in, eum liber hendrerit an. Qui ut wisi vocibus suscipiantur, quo dicit ridens inciderint id. Quo mundi lobortis reformidans eu, legimus senserit definiebas an eos. Eu sit tincidunt incorrupte definitionem, vis mutat affert percipit cu, eirmod consectetuer signiferumque eu per. In usu latine equidem dolores. Quo no falli viris intellegam, ut fugit veritus placerat per.</p>
<p>
	Ius id vidit volumus mandamus, vide veritus democritum te nec, ei eos debet libris consulatu. No mei ferri graeco dicunt, ad cum veri accommodare. Sed at malis omnesque delicata, usu et iusto zzril meliore. Dicunt maiorum eloquentiam cum cu, sit summo dolor essent te. Ne quodsi nusquam legendos has, ea dicit voluptua eloquentiam pro, ad sit quas qualisque. Eos vocibus deserunt quaestio ei.</p>
<p>
	Blandit incorrupte quaerendum in quo, nibh impedit id vis, vel no nullam semper audiam. Ei populo graeci consulatu mei, has ea stet modus phaedrum. Inani oblique ne has, duo et veritus detraxit. Tota ludus oratio ea mel, offendit persequeris ei vim. Eos dicat oratio partem ut, id cum ignota senserit intellegat. Sit inani ubique graecis ad, quando graecis liberavisse et cum, dicit option eruditi at duo. Homero salutatus suscipiantur eum id, tamquam voluptaria expetendis ad sed, nobis feugiat similique usu ex.</p>
<p>
	Eum hinc argumentum te, no sit percipit adversarium, ne qui puto feugiat persecuti. Odio omnes scripserit ad est, ut vidit lorem maiestatis his, putent mandamus gloriatur ne pro. Oratio iriure rationibus ne his, ad est corrumpit splendide. Ad duo appareat moderatius, ei falli tollit denique eos. Dicant evertitur mei in, ne his deserunt perpetua sententiae, ea sea omnes similique vituperatoribus. Ex mel errem intellegebat comprehensam, vel ad tantas antiopam delicatissimi, tota ferri affert eu nec. Legere expetenda pertinacia ne pro, et pro impetus persius assueverit.</p>
<p>
	Ea mei nullam facete, omnis oratio offendit ius cu. Doming takimata repudiandae usu an, mei dicant takimata id, pri eleifend inimicus euripidis at. His vero singulis ea, quem euripidis abhorreant mei ut, et populo iriure vix. Usu ludus affert voluptaria ei, vix ea error definitiones, movet fastidii signiferumque in qui.</p>
<p>
	Vis prodesset adolescens adipiscing te, usu mazim perfecto recteque at, assum putant erroribus mea in. Vel facete imperdiet id, cum an libris luptatum perfecto, vel fabellas inciderint ut. Veri facete debitis ea vis, ut eos oratio erroribus. Sint facete perfecto no vel, vim id omnium insolens. Vel dolores perfecto pertinacia ut, te mel meis ullum dicam, eos assum facilis corpora in.</p>
]]></dynamic-content>
	</dynamic-element>
	<dynamic-element instance-id="XsByT4KH" name="Lead" type="text_box" index-type="text">
		<dynamic-content> <![CDATA[Lorem ipsum ad his scripta blandit partiendo, eum fastidii accumsan euripidis in, eum liber hendrerit an. Qui ut wisi vocibus suscipiantur, quo dicit ridens inciderint id. Quo mundi lobortis reformidans eu, legimus senserit definiebas an eos.]]> </dynamic-content>
	</dynamic-element>
	<dynamic-element instance-id="H17xYXw1" name="Byline" type="text" index-type="text">
		<dynamic-content> <![CDATA[Lorem ipsum]]> </dynamic-content>
	</dynamic-element>
	<dynamic-element instance-id="2BgQFma0" name="Image" type="text" index-type="text">
		<dynamic-element instance-id="2BgQFma1" name="High" type="document_library" index-type="">
			<dynamic-content>/documents/Global/0/gallery1.jpg</dynamic-content>
		</dynamic-element>
		<dynamic-element instance-id="2BgQFma2" name="Medium" type="document_library" index-type="">
			<dynamic-content>/documents/Global/0/gallery1.jpg</dynamic-content>
		</dynamic-element>
		<dynamic-element instance-id="2BgQFma3" name="Low" type="document_library" index-type="">
			<dynamic-content>/documents/Global/0/gallery1.jpg</dynamic-content>
		</dynamic-element>
		<dynamic-element instance-id="0Fbxd230" name="Cutline" type="text" index-type="text">
			<dynamic-content> <![CDATA[Lorem ipsum]]> </dynamic-content>
		</dynamic-element>
		<dynamic-content> <![CDATA[Image 1]]> </dynamic-content>
	</dynamic-element>
	<dynamic-element instance-id="3BgQFma0" name="Image" type="text" index-type="text">
		<dynamic-element instance-id="3BgQFma1" name="High" type="document_library" index-type="">
			<dynamic-content>/documents/Global/0/gallery2.jpg</dynamic-content>
		</dynamic-element>
		<dynamic-element instance-id="3BgQFma2" name="Medium" type="document_library" index-type="">
			<dynamic-content>/documents/Global/0/gallery2.jpg</dynamic-content>
		</dynamic-element>
		<dynamic-element instance-id="3BgQFma3" name="Low" type="document_library" index-type="">
			<dynamic-content>/documents/Global/0/gallery2.jpg</dynamic-content>
		</dynamic-element>
		<dynamic-element instance-id="0Fbxd230" name="Cutline" type="text" index-type="text">
			<dynamic-content> <![CDATA[Lorem ipsum]]> </dynamic-content>
		</dynamic-element>
		<dynamic-content> <![CDATA[Image 2]]> </dynamic-content>
	</dynamic-element>
	<dynamic-element instance-id="4BgQFma0" name="Image" type="text" index-type="text">
		<dynamic-element instance-id="4BgQFma1" name="High" type="document_library" index-type="">
			<dynamic-content>/documents/Global/0/gallery3.jpg</dynamic-content>
		</dynamic-element>
		<dynamic-element instance-id="4BgQFma2" name="Medium" type="document_library" index-type="">
			<dynamic-content>/documents/Global/0/gallery3.jpg</dynamic-content>
		</dynamic-element>
		<dynamic-element instance-id="4BgQFma3" name="Low" type="document_library" index-type="">
			<dynamic-content>/documents/Global/0/gallery3.jpg</dynamic-content>
		</dynamic-element>
		<dynamic-element instance-id="0Fbxd230" name="Cutline" type="text" index-type="text">
			<dynamic-content> <![CDATA[Lorem ipsum]]> </dynamic-content>
		</dynamic-element>
		<dynamic-content> <![CDATA[Image 3]]> </dynamic-content>
	</dynamic-element>
	<dynamic-element instance-id="5BgQFma0" name="Image" type="text" index-type="text">
		<dynamic-element instance-id="5BgQFma1" name="High" type="document_library" index-type="">
			<dynamic-content>/documents/Global/0/gallery4.jpg</dynamic-content>
		</dynamic-element>
		<dynamic-element instance-id="5BgQFma2" name="Medium" type="document_library" index-type="">
			<dynamic-content>/documents/Global/0/gallery4.jpg</dynamic-content>
		</dynamic-element>
		<dynamic-element instance-id="5BgQFma3" name="Low" type="document_library" index-type="">
			<dynamic-content>/documents/Global/0/gallery4.jpg</dynamic-content>
		</dynamic-element>
		<dynamic-element instance-id="0Fbxd230" name="Cutline" type="text" index-type="text">
			<dynamic-content> <![CDATA[Lorem ipsum]]> </dynamic-content>
		</dynamic-element>
		<dynamic-content> <![CDATA[Image 4]]> </dynamic-content>
	</dynamic-element>
	<dynamic-element instance-id="M2SDp7rm" name="TeaserHeadline" type="text" index-type="text">
		<dynamic-content> <![CDATA[Lorem ipsum]]> </dynamic-content>
	</dynamic-element>
	<dynamic-element instance-id="s4ZNOtRh" name="TeaserText" type="text_area" index-type="text">
		<dynamic-content> <![CDATA[<p>
	Lorem ipsum ad his scripta blandit partiendo, eum fastidii accumsan euripidis in, eum liber hendrerit an. Qui ut wisi vocibus suscipiantur, quo dicit ridens inciderint id. Quo mundi lobortis reformidans eu, legimus senserit definiebas an eos. Eu sit tincidunt incorrupte definitionem, vis mutat affert percipit cu, eirmod consectetuer signiferumque eu per. In usu latine equidem dolores. Quo no falli viris intellegam, ut fugit veritus placerat per.</p>
<p>
	Ius id vidit volumus mandamus, vide veritus democritum te nec, ei eos debet libris consulatu. No mei ferri graeco dicunt, ad cum veri accommodare. Sed at malis omnesque delicata, usu et iusto zzril meliore. Dicunt maiorum eloquentiam cum cu, sit summo dolor essent te. Ne quodsi nusquam legendos has, ea dicit voluptua eloquentiam pro, ad sit quas qualisque. Eos vocibus deserunt quaestio ei.</p>
]]></dynamic-content>
	</dynamic-element>
	<dynamic-element instance-id="0Fbxd89w" name="TeaserImage" type="text" index-type="">
		<dynamic-element instance-id="0Fbxd89x" name="High" type="image" index-type="">
			<dynamic-content/>
		</dynamic-element>
		<dynamic-element instance-id="0Fbxd89y" name="Medium" type="image" index-type="">
			<dynamic-content/>
		</dynamic-element>
		<dynamic-element instance-id="0Fbxd89z" name="Low" type="image" index-type="">
			<dynamic-content/>
		</dynamic-element>
		<dynamic-element instance-id="0Fbxd890" name="Cutline" type="text" index-type="text">
			<dynamic-content> <![CDATA[Lorem ipsum]]> </dynamic-content>
		</dynamic-element>
		<dynamic-content> <![CDATA[Lorem ipsum]]> </dynamic-content>
	</dynamic-element>
</root>