<?xml version="1.0" encoding="UTF-8"?>
<root>
	<dynamic-element instance-id="1BgQFma0" name="Multimedia" type="text" index-type="text">
		<dynamic-element instance-id="1BgQFma1" name="Document" type="document_library" index-type="">
			<dynamic-content>/documents/Global/0/video1.m4v</dynamic-content>
		</dynamic-element>
		<dynamic-element instance-id="1BgQFma3" name="Preview" type="document_library" index-type="">
			<dynamic-content>/documents/Global/0/video1pre.jpg</dynamic-content>
		</dynamic-element>
		<dynamic-element instance-id="1BgQFma4" name="Extension" type="text" index-type="text">
			<dynamic-content><![CDATA[M4V]]></dynamic-content>
		</dynamic-element>
		<dynamic-content><![CDATA[Multimedia 1]]></dynamic-content>
	</dynamic-element>
</root>