<?xml version="1.0" encoding="UTF-8"?>
<root>
	<dynamic-element instance-id="NIVKba64" name="Headline" type="text" index-type="text">
		<dynamic-content><![CDATA[What do you think about our new website?]]></dynamic-content>
	</dynamic-element>
	<dynamic-element instance-id="rkf9TNEV" name="Lead" type="text_box" index-type="text">
		<dynamic-content><![CDATA[We are developing our new Portal and we'll like to know your opinion.]]></dynamic-content>
	</dynamic-element>
	<dynamic-element instance-id="XLzF7Fsn" name="Image" type="text" index-type="text">
		<dynamic-element instance-id="2f89xEow" name="Cutline" type="text" index-type="text">
			<dynamic-content><![CDATA[]]></dynamic-content>
		</dynamic-element>
		<dynamic-element instance-id="1kv2DlWJ" name="Byline" type="text" index-type="text">
			<dynamic-content><![CDATA[]]></dynamic-content>
		</dynamic-element>
		<dynamic-content><![CDATA[]]></dynamic-content>
	</dynamic-element>
	<dynamic-element instance-id="3aBCxR3i" name="Question" type="text" index-type="text">
		<dynamic-element instance-id="AkSQyb1c" name="Answer" type="text" index-type="text">
			<dynamic-content><![CDATA[It's fantastic!]]></dynamic-content>
		</dynamic-element>
		<dynamic-element instance-id="Cp1aSAnx" name="Answer" type="text" index-type="text">
			<dynamic-content><![CDATA[It's pretty good...]]></dynamic-content>
		</dynamic-element>
		<dynamic-element instance-id="amvhLtVg" name="Answer" type="text" index-type="text">
			<dynamic-content><![CDATA[It's not bad.]]></dynamic-content>
		</dynamic-element>
		<dynamic-element instance-id="mGMlGZNx" name="Answer" type="text" index-type="text">
			<dynamic-content><![CDATA[It's average.]]></dynamic-content>
		</dynamic-element>
		<dynamic-element instance-id="jozAKs3P" name="Answer" type="text" index-type="text">
			<dynamic-content><![CDATA[You could do better...]]></dynamic-content>
		</dynamic-element>
		<dynamic-content><![CDATA[What do you think about our new website?]]></dynamic-content>
	</dynamic-element>
</root>