<?xml version="1.0" encoding="UTF-8"?>

<root>
	<dynamic-element name="Headline" type="text" index-type="text" repeatable="true">
		<dynamic-element name="Milenium" type="text" index-type="" repeatable="false"/>
	</dynamic-element>
	<dynamic-element name="Subheadline" type="text" index-type="text" repeatable="true">
		<dynamic-element name="Milenium" type="text" index-type="" repeatable="false"/>
	</dynamic-element>
	<dynamic-element name="Topheadline" type="text" index-type="text" repeatable="true">
		<dynamic-element name="Milenium" type="text" index-type="" repeatable="false"/>
	</dynamic-element>
	<dynamic-element name="Text" type="text_area" index-type="text" repeatable="true">
		<dynamic-element name="Milenium" type="text" index-type="" repeatable="false"/>
	</dynamic-element>
	<dynamic-element name="Lead" type="text_box" index-type="text" repeatable="true">
		<dynamic-element name="Milenium" type="text" index-type="" repeatable="false"/>
	</dynamic-element>
	<dynamic-element name="Byline" type="text" index-type="text" repeatable="true">
		<dynamic-element name="Milenium" type="text" index-type="" repeatable="false"/>
	</dynamic-element>
	<dynamic-element name="Image" type="text" index-type="" repeatable="true">
		<dynamic-element name="Milenium" type="text" index-type="" repeatable="false"/>
		<dynamic-element name="High" type="document_library" index-type="" repeatable="false"/>
		<dynamic-element name="Medium" type="document_library" index-type="" repeatable="false"/>
		<dynamic-element name="Low" type="document_library" index-type="" repeatable="false"/>
		<dynamic-element name="Cutline" type="text" index-type="text" repeatable="false">
			<dynamic-element name="Milenium" type="text" index-type="" repeatable="false"/>
		</dynamic-element>
		<dynamic-element name="Byline" type="text" index-type="text" repeatable="false">
			<dynamic-element name="Milenium" type="text" index-type="" repeatable="false"/>
		</dynamic-element>
	</dynamic-element>
	<dynamic-element name="Multimedia" type="text" index-type="" repeatable="true">
		<dynamic-element name="Milenium" type="text" index-type="" repeatable="false"/>
		<dynamic-element name="Document" type="document_library" index-type="" repeatable="false"/>
		<dynamic-element name="Preview" type="document_library" index-type="" repeatable="false"/>
		<dynamic-element name="Extension" type="text" index-type="" repeatable="false"/>
		<dynamic-element name="Cutline" type="text" index-type="text" repeatable="false">
			<dynamic-element name="Milenium" type="text" index-type="" repeatable="false"/>
		</dynamic-element>
		<dynamic-element name="Byline" type="text" index-type="text" repeatable="false">
			<dynamic-element name="Milenium" type="text" index-type="" repeatable="false"/>
		</dynamic-element>
	</dynamic-element>
	<dynamic-element name="TeaserHeadline" type="text" index-type="text" repeatable="true">
		<dynamic-element name="Milenium" type="text" index-type="" repeatable="false"/>
	</dynamic-element>
	<dynamic-element name="TeaserText" type="text_area" index-type="text" repeatable="true">
		<dynamic-element name="Milenium" type="text" index-type="" repeatable="false"/>
	</dynamic-element>
	<dynamic-element name="TeaserImage" type="text" index-type="" repeatable="true">
		<dynamic-element name="Milenium" type="text" index-type="" repeatable="false"/>
		<dynamic-element name="High" type="document_library" index-type="" repeatable="false"/>
		<dynamic-element name="Medium" type="document_library" index-type="" repeatable="false"/>
		<dynamic-element name="Low" type="document_library" index-type="" repeatable="false"/>
		<dynamic-element name="Cutline" type="text" index-type="text" repeatable="false">
			<dynamic-element name="Milenium" type="text" index-type="" repeatable="false"/>
		</dynamic-element>
	</dynamic-element>
	<dynamic-element name="ExternalLink" type="text" index-type="text" repeatable="true">
		<dynamic-element name="Link" type="text" index-type="text" repeatable="false"/>
	</dynamic-element>
	<dynamic-element name="InternalLink" type="text" index-type="text" repeatable="true">
		<dynamic-element name="ContentId" type="text" index-type="text" repeatable="false"/>
	</dynamic-element>
</root>