<?xml version="1.0" encoding="UTF-8"?>

<root>
	<dynamic-element name="Image" type="text" index-type="" repeatable="true">
		<dynamic-element name="High" type="document_library" index-type="" repeatable="false"/>
		<dynamic-element name="Medium" type="document_library" index-type="" repeatable="false"/>
		<dynamic-element name="Low" type="document_library" index-type="" repeatable="false"/>
		<dynamic-element name="Cutline" type="text" index-type="text" repeatable="false"/>
		<dynamic-element name="Byline" type="text" index-type="text" repeatable="false"/>
	</dynamic-element>
	<dynamic-element name="Multimedia" type="text" index-type="" repeatable="true">
		<dynamic-element name="Document" type="document_library" index-type="" repeatable="false"/>
		<dynamic-element name="Preview" type="document_library" index-type="" repeatable="false"/>
		<dynamic-element name="Extension" type="text" index-type="" repeatable="false"/>
		<dynamic-element name="Cutline" type="text" index-type="text" repeatable="false"/>
		<dynamic-element name="Byline" type="text" index-type="text" repeatable="false"/>
	</dynamic-element>
</root>